id;first_name;last_name;phone_number;email;creation_date;modification_date
1;Cordie;Bogisich;Concrete;Kristina_Rolfson37@hotmail.com;2020-06-08T21:23:40;2020-06-08T19:28:15
2;Oswald;Bashirian;Adaptive solution;Glenda.Smitham@gmail.com;2020-06-08T14:27:11;2020-06-09T01:03:10
3;Javier;Cormier;Buckinghamshire;Chelsie82@hotmail.com;2020-06-08T15:32:30;2020-06-09T01:32:47
4;Bell;Fay;Ergonomic;Merritt66@yahoo.com;2020-06-08T11:56:46;2020-06-08T19:58:36
5;Oswald;Effertz;Comoros Kansas Home Loan Account;Norval86@yahoo.com;2020-06-08T18:19:02;2020-06-08T09:17:21
6;Jaime;Waelchi;grey;Elsie.Little@yahoo.com;2020-06-08T15:47:18;2020-06-08T08:05:02
7;Kathlyn;Hickle;National online Chicken;April98@gmail.com;2020-06-08T20:25:19;2020-06-08T13:42:33
8;Earnest;Hackett;Kids Intelligent strategic;Carole39@hotmail.com;2020-06-08T12:34:11;2020-06-08T16:58:51
9;Malika;Rodriguez;transmit systems;Karianne_Waelchi26@gmail.com;2020-06-08T12:17:17;2020-06-08T13:59:54
10;Drew;Harvey;secondary;Merritt60@gmail.com;2020-06-08T05:58:24;2020-06-08T12:58:28
